textID,text,selected_text,sentiment
"cb774db0d1"," I`d have responded, if I were going","I`d have responded, if I were going",neutral
"549e992a42"," Sooo SAD I will miss you here in San Diego!!!","Sooo SAD",negative
"088c60f138","my boss is bullying me...","bullying me",negative
"9642c003ef"," what interview! leave me alone","leave me alone",negative
"358bd9e861"," Sons of ****, why couldn`t they put them on the releases we already bought","Sons of ****,",negative
"28b57f3990","http://www.dothebouncy.com/smf - some shameless plugging for the best Rangers forum on earth","http://www.dothebouncy.com/smf - some shameless plugging for the best Rangers forum on earth",neutral
"6e0c6d75b1","2am feedings for the baby are fun when he is all smiles and coos","fun",positive
"50e14c0bb8","Soooo high","Soooo high",neutral
"e050245fbd"," Both of you","Both of you",neutral
"fc2cbefa9d"," Journey!? Wow... u just became cooler.  hehe... (is that possible!?)","Wow... u just became cooler.",positive
"2339a9b08b"," as much as i love to be hopeful, i reckon the chances are minimal =P i`m never gonna get my cake and stuff","as much as i love to be hopeful, i reckon the chances are minimal =P i`m never gonna get my cake and stuff",neutral
"16fab9f95b","I really really like the song Love Story by Taylor Swift","like",positive
"74a76f6e0a","My Sharpie is running DANGERously low on ink","DANGERously",negative
"04dd1d2e34","i want to go to music tonight but i lost my voice.","lost",negative
"bbe3cbf620","test test from the LG enV2","test test from the LG enV2",neutral
"8a939bfb59","Uh oh, I am sunburned","Uh oh, I am sunburned",negative
"3440297f8b"," S`ok, trying to plot alternatives as we speak *sigh*","*sigh*",negative
"919fa93391","i`ve been sick for the past few days  and thus, my hair looks wierd.  if i didnt have a hat on it would look... http://tinyurl.com/mnf4kw","sick",negative
"af3fed7fc3","is back home now      gonna miss every one","onna",negative
"40e7becabf","Hes just not that into you","Hes just not that into you",neutral
"04d17ef61e"," oh Marly, I`m so sorry!!  I hope you find her soon!! <3 <3","oh Marly, I`m so sorry!!  I hope you find her soon!! <3 <3",neutral
"e48b0b8a23","Playing Ghost Online is really interesting. The new updates are Kirin pet and Metamorph for third job.  Can`t wait to have a dragon pet","interesting.",positive
"7de057cf40","is cleaning the house for her family who is comming later today..","is cleaning the house for her family who is comming later today..",neutral
"9ce5570064","gotta restart my computer .. I thought Win7 was supposed to put an end to the constant rebootiness","gotta restart my computer .. I thought Win7 was supposed to put an end to the constant rebootiness",neutral
"0c8cc71c46","SEe waT I Mean bOuT FoLL0w fRiiDaYs... It`S cALLed LoSe f0LloWeRs FridAy... smH","SEe waT I Mean bOuT FoLL0w fRiiDaYs... It`S cALLed LoSe f0LloWeRs FridAy... smH",neutral
"e00c6ef376","the free fillin` app on my ipod is fun, im addicted","the free fillin` app on my ipod is fun, im addicted",positive
"852edc3769","  I`m sorry.","I`m sorry.",negative
"bdc32ea43c","On the way to Malaysia...no internet access to Twit",".no internet",negative
"6ce4a4954b","juss came backk from Berkeleyy ; omg its madd fun out there  havent been out there in a minute . whassqoodd ?","fun",positive
"d22e6d40a7","Went to sleep and there is a power cut in Noida  Power back up not working too","Power back up not working too",negative
"d33f811375","I`m going home now. Have you seen my new twitter design? Quite....heavenly isn`****?","Quite....heavenly",positive
"7d8c4c11e4","i hope unni will make the audition . fighting dahye unni !","hope",positive
"1c31703aef"," If it is any consolation I got my BMI tested hahaha it says I am obesed  well so much for being unhappy for about 10 minutes.","well so much for being unhappy for about 10 minute",negative
"2dc51711bc"," That`s very funny.  Cute kids.","funny.",positive
"d21ab5855b"," Ahhh, I slept through the game.  I`m gonna try my best to watch tomorrow though. I hope we play Army.","Ahhh, I slept through the game.  I`m gonna try my best to watch tomorrow though. I hope we play Army.",neutral
"4f5267ad70","Thats it, its the end. Tears for Fears vs Eric Prydz, DJ Hero   http://bit.ly/2Hpbg4","Thats it, its the end. Tears for Fears",neutral
"2724775d6b","Born and raised in NYC and living in Texas for the past 10 years!  I still miss NY","miss",negative
"1cbc812ece","just in case you wonder, we are really busy today and this coming with with adding tons of new blogs and updates stay tuned","just in case you wonder, we are really busy today and this coming with with adding tons of new blogs and updates stay tuned",neutral
"4b61dffbeb","i`m soooooo sleeeeepy!!! the last day o` school was today....sniffle....","soooooo sleeeeepy!!!",negative
"2863f435bd","A little happy for the wine jeje ok it`sm my free time so who cares, jaja i love this day","A little happy fo",positive
"d93afa85cf"," Car not happy, big big dent in boot! Hoping theyre not going to write it off, crossing fingers and waiting","Car not happy, big big dent in boot! Hoping theyre not going to write it off, crossing fingers and waiting",neutral
"fab6b7d16c","im an avid fan of **** magazine and i love your magazines","avid fan of",positive
"2e7082d1c8","MAYDAY?!","MAYDAY?!",neutral
"684081e4e7","RATT ROCKED NASHVILLE TONITE..ONE THING SUCKED, NO ENCORE!  LIKE IN THE 80`S THEY STILL HAVE A FUN SHOW. PEARCY HAS THAT HOTT BAD BOY LOOK","RATT ROCKED NASHVILLE TONITE..ONE THING SUCKED, NO ENCORE!  LIKE IN THE 80`S THEY STILL HAVE A FUN SHOW. PEARCY HAS THAT HOTT BAD BOY LOOK",neutral
"c77717b103"," I love to! But I`m only available from 5pm.  and where dear? Would love to help  convert her vids.ï¿½","I love to!",positive
"a9d499e123","The girl in the hair salon asked me 'Shall I trim your eyebrows!' How old do I feel?","The girl in the hair salon asked me 'Shall I trim your eyebrows!' How old do I feel?",neutral
"ddf296dffa","egh blah and boooooooooooo i dunno wanna go to work  HANGOVERS SUCKKKKKK Im a drunk mess!","SUCKKKKKK",negative
"c3924dc9e4",":visiting my friendster and facebook",":visiting my friendster and facebook",neutral
"3d9d4b0b55","i donbt like to peel prawns, i also dont like going shopping, running out of money and crawling round the car looking for more","dont like go",negative
"3fcea4debc"," which case? I got a new one last week and I`m not thrilled at all with mine.","d I`m not thrilled at all with mine.",negative
"a3ae670885"," Then you should check out http://twittersucks.com and connect with other tweeple who hate twitter","Then you should check out http://twittersucks.com and connect with other tweeple who hate twitter",neutral
"15d5f3a41b"," also bored at school, its my third freelesson( freistunde )","also bored at school, its my third freelesson( freistunde )",neutral
"3c4a21b2cb"," hm... Both of us I guess...","hm... Both of us I guess...",neutral
"11084dac09"," it is ****...u have dissappointed me that past few days","it is ****...u have dissappointed me that past few days",negative
"d8ba2a99a9"," romance zero is funny","romance zero is funny",positive
"e77fd45003"," I`d rather do the early run..but I am a morning runner","I`d rather do the early run..but I am a morning runner",neutral
"b159318d76","Bah a coworker ran into work late and her bag smacked into my knee  it really hurts now","hurts",negative
"6086b1f016","will be back later.  http://plurk.com/p/rp3k7","will be back later.",neutral
"703afdc44b","Aw. Torn ace of hearts  #Hunchback","Torn ace of hearts",negative
"90f3d2b572"," what fun are you speaking of?","what fun are you speaking of?",neutral
"52483f7da8","i lost all my friends, i`m alone and sleepy..i wanna go home","i lost all my friends, i`m alone and sleepy..",negative
"a4b0888da6"," haha yes","haha yes",neutral
"2a9765b7f9","I give in to easily","I give in to easily",negative
"90a2cdb657","What better way to spoil mum than to let her kick back and relax over a nice meal and a bottle of her favorite wine? Our wine was a red","favorite",positive
"98f25bc596","mannnn..... _ got an iphone!!! im jealous....  http://bit.ly/NgnaR","jealous..",negative
"23e1f7dca4","Is at a photoshoot.","Is at a photoshoot.",neutral
"95e12b1cb1","  He`s awesome... Have you worked with him before? He`s a good friend.","s awesome",positive
"c34feef039","Yay playing a show tonight! Boo it`s gonna soggy and I`m at work right before playing","Yay playing a show tonight! Boo it`s gonna soggy and I`m at work right before playing",neutral
"fa2654e730","Chilliin","Chilliin",positive
"187494c25b"," If you know such agent, do let me know","If you know such agent, do let me know",neutral
"4213627c3c","I still smell of smoke  #kitchenfire","I still smell of smoke  #kitchenfire",neutral
"a4e00d4d26"," a celtics-lakers rematch sounds better don`t you think? lol","better",positive
"04e2e334de","Anyone have an extra Keane ticket? I promise to buy you a drink and take rad pics for your FB / Blog / Flickr., etc","Anyone have an extra Keane ticket? I promise to buy you a drink and take rad pics for your FB / Blog / Flickr., etc",neutral
"0c4aa867d0","'you can ride one, you can catch one, but its not summer til you pop open one'  ?","'you can ride one, you can catch one, but its not summer til you pop open one'  ?",neutral
"a6c61eac26"," she is good! so gor-juz yea i kno i asked her yesterday when we were at tha hospital if she talked to u and she said no","she is good! so gor-juz yea i kno i asked her yesterday when we were at tha hospital if she talked to u and she said no",neutral
"94bd67443c","OK - I`m out of here for now. Just popped in to say Hi and check on things. I`ll probably head to the guttah later on tonight","OK - I`m out of here for now. Just popped in to say Hi and check on things. I`ll probably head to the guttah later on tonight",neutral
"35f393a245","WOW, i AM REALLY MiSSiN THE FAM(iLY) TODAY. BADDD.","BADDD.",negative
"b2c9f115b1"," My sources say no","My sources say no",neutral
"0a61cbf4b5","I am sooo tired","I am sooo tired",negative
"ee9ec7a5a4"," Hey, you change your twitter account, and you didn`t even tell me...","Hey, you change your twitter account, and you didn`t even tell me...",neutral
"bbbc46889b"," THANK YYYYYYYYYOOOOOOOOOOUUUUU!","THANK YYYYYYYYYOOOOOOOOOOUUUUU!",positive
"58d382e07a"," lucky kid...i so wanna see loserville  pity im in oz....","lucky",positive
"cb4d439ebc","fell asleep waiting for my ride!","fell asleep waiting for my ride!",neutral
"64ed512788","Sick. With a flu like thing.","Sick.",negative
"4cd390c007","Still no reply from  about my SimFinger problem  So no iRape parody video until I get a response, sorry guys",", sorry guys",negative
"3d2fcd78c8","Happy Star Wars day everyone! and Enjoy the holiday (UK)","Happy Star Wars day everyone! and Enjoy the holiday (UK)",positive
"0c0563423e"," Miles from you   I`m in Essex so give me plenty of warning so I can arrive in time to get at least one of those free beers.","Miles from you   I`m in Essex so give me plenty of warning so I can arrive in time to get at least one of those free beers",neutral
"cd0d522bb1","His snoring is so annoying n it keeps me from sleeping (like right now, lol) but I honestly wud miss it if it eva left  I love him.","His snoring is so annoying n it keeps me from sleeping (like right now, lol) but I honestly wud miss it if it eva left  I love him.",neutral
"bffa3ddd61","i miss you bby      wish you were going tomorrow to make me do good.","i miss you bby",negative
"9339ee8e0b"," Well what im working on isn`t QUITE ready to post about publicly (still beta testing) but its a cool new script I coded","cool",positive
"a76f9cf8ce"," SWEEEEET - San Fran is awesome!!!!  Love it there","Love it there",positive
"4ce121e2ad","_Mounce yes and it lasts way past my bedtime!","_Mounce yes and it lasts way past my bedtime!",neutral
"a3de81e1ba"," Hi  how are you doing ???  *just joined twitter...*","Hi  how are you doing ???  *just joined twitter...",neutral
"55bacda5eb","waiting for sleeping pills to kick in... gonna be so tired at work tomorrow","tired",negative
"b63ed6da62","eating ice cream and then getting ready for graduation.","eating ice cream and then getting ready for graduation.",neutral
"4c41a35a2a","Happy Mothers day to all you Mums out there","Happy Mothers day to all you Mums out there",positive
"61a8e11e8a"," CASEY`S GONE?!?! BUT WHY?! So, she piddled a little on the carpet. She`s prolly freaked cause it`s new. Can we get her back?","freaked",negative
"447dc22c81"," hemp cloth is marvelous but unfortunately no","unfortunately",negative
"3408db03a3","Gonna read a story bout adam lambert online then bed. Nighty night","Gonna read a story bout adam lambert online then bed. Nighty night",neutral
"92e1b6846e"," We saw that in none 3D - the baddie`s the best","best",positive
"2207d982bc","4am. And Im on the beach. Pretty","Pretty",positive
"15e01e1749"," Certainly not Cheers than, huh?","Certainly not Cheers than, huh?",neutral
"ebcdf07ac5","1 week post my'horrible, traumatic jumping cholla accident.'-cholla`s next dirty trick:pieces are starting to emerge from my hand! Ouch!","horrible,",negative
"fd9fb4f1ad","i realy wanted to go out cause its so nice but everybodys busy","busy",negative
"6b018d3d2d"," Awesome.  I`m down in Ocean Beach (if you know where that is.) By the way. 'YourBiggestFan' I`m a re-al big fan of you-rs.","Awesome.",positive
"327a009a7d","at least I get to watch over time  Let`s go Pens!!","at least I get to watch over time  Let`s go Pens!!",neutral
"d0d3c6f298"," cool i wear black most of the time when i go out","cool i wear black most of the time when i go out",neutral
"40649553ef"," haha I do not know how to work blip apart from the obvious! thanks for reblipping my song  have a nice day ****","thanks",positive
"561b44a42f"," have a safe trip joshy poo.......you`ll knock them dead at your speech","safe",positive
"a05aea73d7"," woof, I wish I was allowed to go","I wish I was allowed to go",positive
"9c4817f73b","if u have a friendster add me!!!!!!!!!        my email adress      add me  loco_crime_1st.com        add me leave some comment","if u have a friendster add me!!!!!!!!!        my email adress      add me  loco_crime_1st.com        add me",neutral
"f0c1601d8b","  has tickets.......?","has tickets.......?",neutral
"d421fbd332","Thank you, Afrin Nasal Spray! Also, I got a giant teacup tonight!","Thank you,",positive
"99b7ec4b0b"," ACSM. it`s unfathomable.  i think the other one .. and the .. is one that should be kept to the comfort of our bedrooms. yes?","ACSM. it`s unfathomable.  i think the other one .. and the .. is one that should be kept to the comfort of our bedrooms. yes?",neutral
"a655fbb5eb","Aww, I love my daddy! He works 7 days a week almost all day and still tries to go to SF with all of us","I love my",positive
"43e9a93104","So many tests todayyy  I don`t feel confident about anyy.","I don`t feel confident",negative
"401869d615","graduation is done  im a little sad.. anyone want to hang out???","sad.",negative
"9843c4688e"," hahaa your awesomee !","hahaa your awesomee !",positive
"87fbf14655","holy smokes! star trek was freaking awesomeeeee","awesomeeeee",positive
"22d1806fa0","I hate Fallout 3 it keeps making me jump, I`m also low on health, money, ammo and food  don`t worry I`ll get through it.","I hate Fallout 3 it keeps making me jump, I`m also low on health, money, ammo and food  don`t worry I`ll get through it.",neutral
"9d2cffd953"," I had it! On my itunes, but then I lost all my songs.","I had it! On my itunes, but then I lost all my songs.",neutral
"f78761f7ec","What`s with the gloomy weather? The sun must be too tired to come out and play  heading to victoria gardens for some impulse buys haha","What`s with the gloomy weather? The sun must be too tired to come out and play  heading to victoria gardens for some impulse buys haha",neutral
"66057d58c2","Not looking forward to next week: Maths, Geography, English and French exams, totalling 7 hours","Not looking forward",negative
"af90ad5989"," Poor you  Get outside and sleep in the garden, the sun will do you good. But don`t forget suncream!!!","Poor you",negative
"f0460d611d","not well","not well",negative
"6649f3558c"," Not a prob hun","Not a prob",positive
"24532ab83c","at dads, watching some mtv and am going on sims2 in a minutee","at dads, watching some mtv and am going on sims2 in a minutee",neutral
"8e1583cb08"," Absolutely","Absolutely",neutral
"4ea61dbc7a"," what`s the matter chickadee?","what`s the matter chickadee?",neutral
"94f67cfa6d"," hey mia!  totally adore your music.  when will your cd be out?","y adore",positive
"29dfaf5e3b","Shopping. Cleaning. BMFing. Webcam chatting with nephews. Nothing spesh, but a good bank holiday Monday nonetheless","good",positive
"974b35f889"," =O you need to ask him something? Lmao I love him too","I love him too",positive
"b495300bbf"," those splinters look very painful...but you were being very heroic saving mr. Pickle","painful.",negative
"504539e6ec"," why are you sad?","sad?",negative
"6903cb08f2"," Nice to see you tweeting!  It`s Sunday 10th May and we`re celebrating Mother`s Day here today. So be nice to yer Mom","e nice",positive
"1996048e7a","decided 2 trans frm relaxed 2 natural hair but i wish my whole head looked like my roots.  Age of the instant gratification....","i wish",positive
"c6d0c7676c"," Namaskar & Namaste r both the same. Marathi people say Namaskar! its a marathi word.... should i ? ...naaaah !","Namaskar & Namaste r both the same. Marathi people say Namaskar! its a marathi word.... should i ? ...naaaah !",neutral
"ef74bab7f3"," Congrats!  I cuss like that in a matter of minutes, But didn`t know until now there is a reward for it.","Congrats!  I cuss like that in a matter of minutes, But didn`t know until now there is a reward for it.",neutral
"f3cf8ec01b","Humous and Dorito`s.... Oh yes","Humous and Dorito`s.... Oh yes",neutral
"cb1b0d191d","missed all the awesome weather, because she was in a movie!","missed all the awesome weather,",negative
"3e67a75303","Today is going to be a normal day for I hope. We had a group of pilots from a large airline come in last night so it was too much drink","Today is going to be a normal day for I hope. We had a group of pilots from a large airline come in last night so it was too much drink",neutral
"997a62f83f","These kids are terrible! If I was in Good Evans, I`d call Childline","terrible!",negative
"7e1757d4f0","Unfortunatley, AerLingus no longer fly to Copenhagen so we`re have to fly Ryanair to Billund and drive up to Copenhagen one of the days!","Unfortunatley,",negative
"254546cd2c"," What`s sad is that I actually had to google that term. That sucks, tho.","That sucks, tho.",negative
"7e4ed52c4a","Hate fighting","Hate fighting",negative
"5069ae7a15"," I watched that too!!! I didnt want her to win, but she put up a good fight..lol","I watched that too!!! I didnt want her to win, but she put up a good fight..lol",neutral
"48cdcd5f28","Car-warmed Sprite tastes like sore throat","Car-warmed Sprite tastes like sore throat",negative
"1b1b02af59","Just came 11th in cross country and beat dumbo","Just came 11th in cross country and beat dumbo",neutral
"ae71041e21","Candle wax is very enjoyable.","enjoyable.",positive
"11c10e3fc5"," She`s unassuming and unpretentious. She`s just, as. I suppose that`s why she`s so endearing--because we can relate to her","endearing-",positive
"19526ac03e","tomorrow valeria`s lunch!!! going to get my hair done but im arraving late   got my cousins babtizm or whatever you spell it","tomorrow valeria`s lunch!!! going to get my hair done but im arraving late   got my cousins babtizm or whatever you spell it",neutral
"960bbdc0c3","goooooddd morning tweets!!  week three OF my workout. did i mention i got my new glasses yesterday?!?","goooooddd morning tweets!!",positive
"fd285fe74a"," me too. I hate my computer so much..","hate",negative
"a5a1c996c0"," fine! Going to do my big walk today 20 or so miles","fine!",positive
"20ec7c7c32","I WANT RED CRUISERS!!  i don`t like the other ones. LMFAO!","i don`t like the other ones.",negative
"b948984e8d","Mmmmmmmm... ? it in the morning","Mmmmmmmm... ? it in the morning",neutral
"6824c44c21"," me neither","me neither",neutral
"02d140362f","Has about 10 hours work to do, on a Sunday. Boo. I will find time for a two hour lunchbreak though. Yeah","Has about 10 hours work to do, on a Sunday. Boo. I will find time for a two hour lunchbreak though. Yeah",neutral
"5f93cc70ff","Bugger. forgot I still have washing in my machine","Bugger. forgot I still have washing in my machine",negative
"4e6a5c0034","_Laurie sending love, blessings & healing thoughts to you & family  peace","sending love, blessings & healing thoughts to you & family  peace",positive
"e4e9b8713a","My back hurts...really bad",".really bad",negative
"08975f62a8"," ah yes, I know that feeling","ah yes, I know that feeling",neutral
"4a1ce7dc3b","Night of the cookers with my dad","Night of the cookers with my dad",neutral
"328a0e76bd","My modem has been offline for a week now... God bless the 3g network. Tim just left... Again!! May schedule has been brutal","brutal",negative
"abbd0db2a5"," Nope I am in Coquitlam","Nope I am in Coquitlam",neutral
"940eb93dd5"," Had parent teacher thing yesterday!! So boring going to skl on saturday!!  lol","boring",negative
"c78bf59e67","  #lichfield #tweetup sounds like fun  Hope to see you and everyone else there!","p sounds like fun",positive
"e73425ffdc","Big booming thunder storm almost here.  Maybe we can all go home early???  Ah... probably not.","Big booming thunder storm almost here.  Maybe we can all go home early???  Ah... probably not.",neutral
"e56eeb4968","Few Bevvies 2day in twn..great on a day off!!","great",positive
"7162d447ab","first night in myers. just not the same w/out lydia!  but i`m actually excited about this summer!","excited",positive
"f3d95b57b1"," good morning","good morning",positive
"5e4eac2b2e"," its the best show EVER!","its the best show EVER!",positive
"bc02870b7d","URL in previous post (to timer job) should be http://bit.ly/a4Fdb. I`d removed space which messed up URL.  ^ES","messed",negative
"80e45e833f","i think iv hurt my tooth  and eilish and cassie are having a drawing competiton to draw cookies and pineapples haha :L .","i think iv hurt my tooth  and eilish and cassie are having a drawing competiton to draw cookies and pineapples haha :L .",neutral
"f29df52d91"," I want to know when the auditions are Mander! Text or...reply please!","I want to know when the auditions are Mander! Text or...reply please!",neutral
"079e4e3472","or even NOOOOO NOT THE SECRET NAMEREBECCA PLEASE","NOT THE SECRET NAMEREBECCA PLEASE",negative
"557e676fe4"," I miss my neice  can`t wait to see her bad n grown ****! Lol","miss",negative
"8d09044937","i need to get my computer fixed","i need to get my computer fixed",neutral
"9d3a1e0269","really hopes her car`s illness is not terminal...","illness",negative
"7ff2dbbe25","All the cool people I want to find for following today are #English, and I guess the English don`t tweet.","All the cool people I want to find for following today are #English, and I guess the English don`t tweet.",neutral
"5a254fbb98"," no sir...i woulda put honey...but i don`t have any","no sir...i woulda put honey...but i don`t have any",neutral
"417176c08e","who watched X-men origins: wolverine? i totally loved it! haha","i totally loved it!",positive
"2bf5c7dba7"," I VOTED!!! do u have a personal myspace? i keep talking to fakes   i <3 you. u helped me thru the hrdest time of my life! (: x","i <3 you. u helped me thru the hrdest time of my life!",positive
"8407ac30b0"," I`m sad that I missed you guys last night!","sad",negative
"6ed347b1a5","Finally got a call for marriage counseling 3 days late....","Finally got a call for marriage counseling 3 days late....",neutral
"97625460cf"," ok then","ok then",neutral
"32e4ffe225","_420 why baby?","why baby?",neutral
"24ee55f264","today was the last day of high school for me and i ended up going home sick! ... stupid dead rats","sick!",negative
"82b75647fd","We`re having an impromptu pool party... Except I don`t know how to swim so I can`t get in","We`re having an impromptu pool party... Except I don`t know how to swim so I can`t get in",neutral
"a0a306868a","lost my tooth 2day whilst i was eating gum...oww","oww",negative
"9b11b686ec","happy 1 year! <3","happy 1 year! <3",positive
"7e7bc11e45","Oh, I HELLA forgot to say my official good morning  Like to hear it? Here it go! Goooooooooooood Morrrrrrrrning Twitterville! Lol","Goooooooooooood Morrrrrrrrning",positive
"28dbada620"," *phew*  Will make a note in case anyone else runs into the same issueï¿½","*phew*  Will make a note in case anyone else runs into the same issueï¿½",neutral
"3e880ec28d","  WHAT ABOUT ME ??  I VOTE EVERY DAY FOR YOU !!!!!","WHAT ABOUT ME ??  I VOTE EVERY DAY FOR YOU !!!!!",negative
"38271074d1","I`m starving!! This diet is killing me but I can`t eat after 8pm","This diet is killing me",negative
"ef12a3d183"," i talk to you","i talk to you",neutral
"f0db54f5bf","im soo bored...im deffo missing my music channels","bored..",negative
"e651d415c6"," nite nite bday girl  have fun at concert","e fun",positive
"931a866d3f","Had nicotine replacement patch on for 4 hours. So far, so good, but I did sleep for most of those 4 hours. Getting a bit twitchy now","So far, so good, but I did sleep for most of those 4 hours. Getting a bit twitchy now",neutral
"7a718b23ef","_Sanderson What`s with Twatter lately?  Either I can`t get on or the replies don`t turn up!","What`s with Twatter lately?  Either I can`t get on or the replies don`t turn up!",neutral
"a6fccce9db","should be sleeping.  lost my voice a couple day ago.","lost my voice",negative
"c017d0c221","http://twitpic.com/66xlm -  hate when my PARKED car gets hit","hate",negative
"287755c5dd"," I`ve heard this fall. I`m waiting too!","I`ve heard this fall. I`m waiting too!",neutral
"58c435d2cf"," more nightmares?  *huggles*","more nightmares?  *huggles*",neutral
"e6ee6826df","I AM SUCH A CREEPER  I feel disappointed because of it. **** my cyberstalking skills   the internet = no more privacy.","I AM SUCH A CREEPER  I feel disappointed because of it. **** my cyberstalking skills   the internet = no more privacy",negative
"01b2476dd7","going to bed its late and I have headache","headache",negative
"e02cf4af4c","happy mother`s day to all moms out there...","happy",positive
"2dc0dc0d5d","Grabbing coffee from  then making mom breakfast","Grabbing coffee from  then making mom breakfast",neutral
"1b13ed8b4b","im thinking that im going to have fun tonight....and maybe some changes are coming","going to have fun",positive
"b6b35af246"," thanks. before the major chop.","thanks. before the major chop.",neutral
"375e74d063"," Haha I know, I cant handle the fame!  and thank you!","d thank you!",positive
"4700be3234","just got up and updated my ipod","just got up and updated my ipod",neutral
"e5c6a6bb5a"," yes! sober HAHAHA tanghaling tapat dude! haha WILD. i don`t knowwww  plan plan  before you go to US!","HAHAHA",positive
"4f84bea1cc"," We never miss ICarly - my son has a huge crush on Miranda","crush",positive
"4c73ad2888","Saw James carville in the store today. His head is really that bald","Saw James carville in the store today. His head is really that bald",neutral
"2dcd8766a8","yellow for   ? http://blip.fm/~5z05g","yellow for   ? http://blip.fm/~5z05g",neutral
"234093bef1"," which means you`re just going to have to come back to vancouver and have it our way! hahah","which means you`re just going to have to come back to vancouver and have it our way! hahah",neutral
"ca832cad51","Feeling smooth like chrome","Feeling smooth",positive
"a8734230b6","Ew traffic","Ew traffic",negative
"0b5c2a7d7c","downloading songs while trying to sneak a lil homework in too, which should be my main priority not songs lol","downloading songs while trying to sneak a lil homework in too, which should be my main priority not songs lol",neutral
"e70d294d95","@_Ra_Ra_ your not alone...i need coffee too.","your not alone...i need coffee too.",neutral
"f84b89a828"," Sounds like me","Sounds like me",neutral
"ee37bea884","Bad day  The day you realize what mess you`ve put me through will be one of the happiest days of my life...","Bad day  The day you realize what mess you`ve put me through will be one of the happiest days of my life...",neutral
"242d92151a","Walking to class. I hate not having a bike....especially mine.","I hate not having a bike..",negative
"f3a77c2b5e","_nesmith","_nesmith",neutral
"1d6411e9dd","failed inspection. Did you know you can pass wo/oven, but not wo/anti-tip bracket, which is only sold w/oven? This is worse than taxes.","This is worse than taxes.",negative
"151c10cc39","JONAS BROTHERS - Live to party.                It`s rocking so hard     I love the song,","JONAS BROTHERS - Live to party.                It`s rocking so hard",positive
"7b1927e748","happy mother`s day to all the mothers in the world.","happy",positive
"9a6f4d05d5","35mins through the 1hr 20mins Google Wave demo, that looks a lot of fun, would love to test it though.  http://bit.ly/WnMSc","would love to test it though.",positive
"0cb4504f2c","Sleepy Tabz is heading to bed.  Fun night! Listened through the next episode of Joss`d!","Fun night!",positive
"ae21c1ac38","The exception for a short dude: Larenz fineass Tate yum","The exception for a short dude: Larenz fineass Tate yum",neutral
"8f3e73cf09","Screw the reviews, I thought Wolverine was awesome. But not enough Dominic Monaghan for my liking.","I thought Wolverine was awesome.",positive
"c7489a23fa","If you followed us recently, PLEASE dont be offended that we haven`t followed back. We hit our limit.   Hopefully we will be free soon.","Hopefully",positive
"148ac38bea"," Yes i work 6 to 3...","Yes i work 6 to 3...",neutral
"641555ac70"," Hmmm, maybe that`s what they meant. They eluded to something brand new but you know how the media is","Hmmm, maybe that`s what they meant. They eluded to something brand new but you know how the media is",neutral
"4bda359cbb","Done at the spa   now meeting vic for some late lunch!","Done at the spa   now meeting vic for some late lunch!",neutral
"ed084a1fa7","Happy monday  up and about going to tavares today. Hope everyone has a blessed day!","Happy",positive
"1af124bc1c"," Always have wanted to go to Oz","Always have wanted to go to Oz",neutral
"e98226e842"," Thx","Thx",neutral
"85ec413e54"," http://twitpic.com/4jaz5 - Cool... luv it","luv",positive
"7df7221145","  that`s why I need to be there...To represent the Blackberries","that`s why I need to be there",positive
"0ab8f9c4bc","Okay so I`m dedicating my 300th tweet to the fact that I`m going to the Apple store because there is a HUGE crack on the glass screen!","Okay so I`m dedicating my 300th tweet to the fact that I`m going to the Apple store because there is a HUGE crack on the glass screen!",neutral
"06cad97de6"," If only we could ever actually be allowed to stay here and do that","If only we could ever actually be allowed to stay here and do that",neutral
"37f6bd5ac5"," Let me know how that turns out!!","Let me know how that turns out!!",neutral
"9bef0d7135"," was that sass I detect?  As long as it isn`t back sass! Haha","was that sass I detect?  As long as it isn`t back sass! Haha",neutral
"7436ec1a2c"," yeah I was thinking about that ,ahaha",",ahaha",positive
"cf10e9309a"," Sports Bar Shatranjanpoli Rest Ph 26498457 All Sports Bar Andheri W 26733333 Dont know whether that helps. Google ki jai ho","Sports Bar Shatranjanpoli Rest Ph 26498457 All Sports Bar Andheri W 26733333 Dont know whether that helps. Google ki jai ho",neutral
"ce69e99e71","I`m not sleeping at all until  accepts my appology","I`m not sleeping at all un",negative
"6402e14398","Wolverine Was BOSS! Seriously, And Will.I.Am Was In It, What The **** ??","Seriously,",negative
"914c40995f"," I live for pain, bring it on","I live for pain, bring it on",neutral
"258f37341e","okay, i`m out for a while  back later!","okay, i`m out for a while  back later!",neutral
"77ba0fee75","  #powerblog What is this powerblog challenge you keep talking about?  I`m a newbie follower","g What is this powerblog challenge you keep talking about?  I`m a newbie followe",neutral
"96a4ce0d47","almost died. Laptop screen was set to 100% brightness after I reinstalled Windows Vista. Got a headache now  #insanedefaults","died.",positive
"5bcc50c275","Waiting for tish to get off. Got to drive my moms CRV to pick her up all my myself and duckie. First time","Waiting for tish to get off. Got to drive my moms CRV to pick her up all my myself and duckie. First time",neutral
"c5645758be","Trying to decide on a movie with the friends.. not going to well! lol :p  No bible study 2nite, which means ****-day cake  buy my own??","not going to well!",negative
"7e3c091fc2","going to shower because i don`t want to smell at school tomorrow","going to shower because i don`t want to smell at school tomorrow",neutral
"869bb56451"," Sigh... you know I am...","Sigh... you know I am...",neutral
"09ad12cc5c","discovered cause of a bug in the new #NetPLAYER 4 build. Publishing bug fix now, hopefully new beta by tomorrow","hopefully",positive
"251aa82551","Here are 4 FREE twitter tools will get you followers  http://short.to/511q http://jijr.com/hulz http://short.to/511r http://2ve.org/xPG0/","Here are 4 FREE twitter tools will get you followers  http://short.to/511q http://jijr.com/hulz http://short.to/511r http://2ve.org/xPG0/",neutral
"8e0a0ffbe1","just got home from work.... and is chugging down a big bottle of apple juice.","just got home from work.... and is chugging down a big bottle of apple juice.",neutral
"799f65f193"," Yes it does. Please dont` go. If you die I will cry.. which normally leads to small animals getting harmed","g harmed",negative
"d06582e26d","writing report cards  soooo tired but what an amazing day. check it out on fb soon!","what an amazing day.",positive
"dbe1d16b29"," it was only once for my big brother...and I`m done now","it was only once for my big brother...and I`m done now",neutral
"7809dd704a","good news: finally finished my #EASactive workout that has been paused for 6 hours. bad news: my resistance band is torn","good news: finally finished my #EASactive workout that has been paused for 6 hours. bad news: my resistance band is torn",neutral
"97334eb7c0","Well good morning all, What a wonderful day in the neighborhood  Thanks for all those that are now following another 60 this morning","Well good morning all, What a wonderful day in the neighborhood  Thanks for all those that are now following another 60 this morning",positive
"e1546f901a","FTSK and Mercy Mercedes were amazing tonight.. as always","were amazing tonight..",positive
"2ece7f3810","  hope he is ok!","hope",positive
"ba309a37d1","can`t school just be done already? it hurts too much... seeing him every day","it hurts too much...",positive
"84ca20505a","I waited, listening to wind blowing through the tumbleweed? Are none of you old enough to know what to do when someone says 'Crackerack'?","I waited, listening to wind blowing through the tumbleweed? Are none of you old enough to know what to do when someone says 'Crackerack'?",neutral
"de8c4c410d"," Hell Yeah!","Hell Yeah!",neutral
"e33d5ceea2"," HIM shirt at dinner? Do you need to ask??  Does it actually have Ville on it?","HIM shirt at dinner? Do you need to ask??  Does it actually have Ville on it?",neutral
"394881b7d0"," i know!!","i know!!",neutral
"52d8be9124"," huh what the ****? Smelly? Noooo. I love alex Vixon","huh what the ****? Smelly? Noooo. I love alex Vixon",neutral
"dabe649ee3","Went to a party last night. Dindin and I showed up in matching outfits ) GREAT MINDS THINK ALIKE ) Anyway, happy birthday, ate lara","GREAT",positive
"2a5bb8d827"," Happy b-day! Just woke up on this side of Earth, so wishes are bit late","Happy b-day!",positive
"dbbbbe6059","thank you for teaching me values and to be a better person each day  I LOVE SO MUCH, YOU`RE THE BEST MUM IN THE WORLD","thank",positive
"894e188d01","HAPPY MOTHERS DAY.!","HAPPY",positive
"a91ca2ffae"," *laughs* I`m glad that you have self confidence - it`s a wonderful trait to have  I`ll applaud extra loud for it, okay?","glad",positive
"89d5b3f0b5","  Thanks","Thanks",positive
"fe0abe1754","twittering after 2 days!","twittering after 2 days!",neutral
"1b6380b1b3","Getting ready for week  Its too nice today to be stuck inside working!","Its too nice",positive
"02c004bc2d","I am tres depressed","depressed",negative
"b4d5f1e13e","Felt like ****, behaved like my son; ate to compensate. Pigged out on home-roasted sugar almonds. Painful tum, threw up, still feel sick.","sick.",negative
"80481307d5","Happy Mothers Day people. i love my mom a lot still","Happy Mothers Day people. i love my mom a lot still",positive
"05a0e60f99"," I`m sorry to hear that.","sorry",negative
"e3cc598980"," That`s awesome dude, yay for surprise celebrities!  I got to meet him a few years ago, he was soooo friendly.",", he was soooo friendly.",positive
"a2cf6cc397"," it makes me happy to hear a girl talk, or tweet, about the nba. but... could you give my nuggets some love?!","happy",positive
"53e78f3f89","Is getting the hang of Twitter.","Is getting the hang of Twitter.",neutral
"ba83f744d8","You know your neck is jacked up when you are forced to pay for parking bc you can`t turn you head to parallel park in the free spaces...","You know your neck is jacked up when you are forced to pay for parking bc you can`t turn you head to parallel park in the free spaces...",negative
"2dd0cddb70","I want it BACK NOW!: http://bit.ly/PP1WZ","I want it BACK NOW!:",neutral
"e3a1b65ef3","Going to miss my roomie ... We will no longer be roomies starting tomorrow","miss",negative
"7ae37ef593","bathing with two little angels, Keyla and Janice.","bathing with two little angels, Keyla and Janice.",neutral
"73fa7068a2"," Yep, finished, chocked full of spelling and grammatical errors, but I`m cleaning it up tomorrow and popping it up  hehe","chocked",negative
"f5b15be6f6"," HAHAHHA lol true that! i always remember my BD but i can never remember what date or even day it is","HAHAHHA lol true that! i always remember my BD but i can never remember what date or even day it is",neutral
"68bda81bb9","Family is here,hanging with them","Family is here,hanging with them",neutral
"59e77db781","Watching Ellen Love her!! then doing the dishes  and tanning ...it`s gorgeous out!",".it`s gorgeous out!",positive
"e3731b6ce8"," what`s goin on hun?  I`m worried about you","m worried",negative
"b09362ee8e"," Im not bannished... but I am at work till 6","Im not bannished.",negative
"c4f9792d55"," Morning! If I get to see it, I`ll let you know. Right now, I`m going to go see Wolverine.","Morning! If I get to see it, I`ll let you know. Right now, I`m going to go see Wolverine.",neutral
"20d4300a14"," red top tabloids, build em up, knock em down","red top tabloids, build em up, knock em down",neutral
"7b69f49c42","tonight in party w/ my girls (minus vita)","tonight in party w/ my girls (minus vita)",positive
"519a5d3be7","  why not now you made me sad I thought you`d be jumping for joy","why not now you made me sad I thought you`d be jumping for joy",neutral
"aa97eca66f"," Simple my a#@","Simple my a#@",neutral
"d3230b7cfd","The pics I just uploaded are the baby pics of my cats. Missy is now an adult and a pretty little kitty, but Batty is in kitten heaven now","The pics I just uploaded are the baby pics of my cats. Missy is now an adult and a pretty little kitty, but Batty is in kitten heaven now",neutral
"294df18b9f"," I saw the play of it here, it was amazing","amazing",positive
"e5e2d9d1f3"," _ i am glad to break my twitter virginity with you two.","glad",positive
"b7a9ba95d0","Dinner with the fam... I have missed them","I have missed them",negative
"6943d0f480","_Live That`s what I want. More the better. Bound to be a few bad eggs though, but they will soon learn.","_Live That`s what I want. More the better. Bound to be a few bad eggs though, but they will soon learn.",neutral
"9e047ed52a","Hell yeah Kellynn got a Twitter. Finally.","Hell yeah Kellynn got a Twitter. Finally.",neutral
"a54d3c2825"," I know   It was worth a shot, though!","as wort",positive
"5b578d0b4c","Just opened a facebook account, I`m a little confused I don`t really get it. Twitter seems much better","better",positive
"c4ab28566e","Ship. I`m stuck.","Ship. I`m stuck.",negative
"162a2510d2","DUSTBIN BABY ON AT 11.30 Cannot wait  x","Cannot wait",positive
"c25871ec9e"," Not going to dwell on it. It happened, it`s passed. Just a shame as he was so supportive! Such is life!  x","shame",negative
"fdb77c3752","","",neutral
"ddd4dd7be4","It looks like the office TV DOES get MLB Network... and it looks like MLBN will NOT be televising the DET/BAL game today  #wieters","It looks like the office TV DOES get MLB Network... and it looks like MLBN will NOT be televising the DET/BAL game today  #wieters",neutral
"d2af698d65","Home empty handed.  No comics found today.  I shall now indulge in my cupcakes from Magnolia Bakery.","Home empty handed.  No comics found today.  I shall now indulge in my cupcakes from Magnolia Bakery",neutral
"1594011c6d","Laying in bed til workkk... Oh the life. Definitely pinched a nerve.","Definitely pinched a nerve.",negative
"bb61a7094b","today is a busy day. exhausting!","exhausting!",negative
"454ea2153b"," I was going to go on Sunday, but now I`ve got too much going on that weekend","I was going to go on Sunday, but now I`ve got too much going on that weekend",neutral
"b5dd587dd2"," Sorry to hear ur flight got cancelled  that blows!!!","Sorry",negative
"e5160216a5","ohh my tooth is hurts ohh  im sad it very hurts","im sad it very hurts",negative
"ea3320d696","Before I get too distracted, I`d like to thank my new followers for taking the trouble to follow me! And to my others: feelin the love","Before I get too distracted, I`d like to thank my new followers for taking the trouble to follow me! And to my others: feelin the love",positive
"5680a0b488"," u think u have bills Ha!Ii just finished paying mine that`s y I`m broke","I`m broke",negative
"ed6c2e4824"," Not sure it didn`t say it was 2 big. I jst saw the pics of u on ur last bday. You looked so pretty!! I miss you!!","Not sure it didn`t say it was 2 big. I jst saw the pics of u on ur last bday. You looked so pretty!! I miss you!!",neutral
"a8f2acd515","sore throat. Planning the TET outing to Marwell though...good times","sore throat. Planning the TET outing to Marwell though...good times",neutral
"e9f7f78cfa","mcfly gig last nightt omg it was amazin didnt sit down through the whole thing  mcfly did you see me and ma best mate we were in tutus","it was amazin",positive
"4c71b5fb91","2 days without sleep and now a migraine. I thought life postR01 was meant to be relaxing","now a migraine.",negative
"be8544ffb1"," There!","There!",neutral
"0404648e1c","?sucks!?..","?sucks!?..",negative
"e136c0f2af"," whens the sway sway winner announced?","whens the sway sway winner announced?",neutral
"032e865dc7"," K will check it out...","K will check it out...",neutral
"d723ea3299"," doing pretty well, up and wide awake","doing pretty well,",positive
"3d208b8e59","i want to wake up early, and get a coffee tomorrow (today) !  it`s going to be a busyy day! but have to keep writing.. booo whoo!","i want to wake up early, and get a coffee tomorrow (today) !  it`s going to be a busyy day! but have to keep writing.. booo whoo!",neutral
"f1f5e8edfa","I Miss Daddy and Mommy","I Miss Daddy and Mommy",negative
"51f4502988","My dog is officially depressed that my brother`s dogs are gone. He doesn`t want to go outside and when we did, he play half-heartedly.","officially depressed",negative
"728c29215f","I just realized that I can`t forward text msgs with my iPhone.","I just realized that I can`t forward text msgs with my iPhone.",neutral
"c9091836ce","My frist post... Off to find a new car for my parents, exciting!","exciting!",positive
"9668542b2a","Argh noo! Missed The Killers on Wossy!  That sucks! Missed out on Brandon. Total failure! Anyone know if it`s repeated? Must investigate!","That sucks!",negative
"cd5d081760","seriously bored without anyone to talk to... but not tired enough for sleep","bored",negative
"061eb4c0de"," I am lost. Please help me find a good home.","I am lost.",negative
"c20cb786c4","It`s a Peter & Gordon morning  -> And I, go to pieces and I wanna hide / Go to pieces and I almost die / Ever... ? http://blip.fm/~5yk38","It`s a Peter & Gordon morning  -> And I, go to pieces and I wanna hide / Go to pieces and I almost die / Ever... ? http://blip.fm/~5yk38",neutral
"7733e8541a","Ok so I`ve now got a bit of a bad back after lifting all drum hardware into my car   downer.","bad",negative
"58eda20efc"," LMAO... Smh!  that one threw me off.","LMAO... Smh!  that one threw me off",neutral
"2f5c77dfb3"," oh nice going!","oh nice going!",positive
"4646623c1d","Is getting ready for work... Working all weekend","Is getting ready for work... Working all weekend",neutral
"a97db072ed","Gonna celebrate Mothers Day with the family but gonna start the partying tonite","partying",positive
"f3117413cc"," i agree with you!","i agree with you!",positive
"59cb0c3a14"," I only do computers. Am hopeless at everything else","Am hopeless at everything else",negative
"322b61740c","90 degrees, gross skies, and thunderstorms...perfect match for my mood  lol","perfect ma",positive
"7179c215a7","_2nd aww thanks!","thanks!",positive
"1f581d48bc"," Sorry RB is on PS3 for me","Sorry",negative
"c42982a22d","I saw amazing heeels. But they were too big","I saw amazing heeels. But they were too big",neutral
"9191e574bb","I just stuck my finger down my throat and there are a bunch of bumps on my tongue & throat.","stuck",negative
"f4e428e4b3","dang last url went down  ? http://blip.fm/~7aigm","dang",negative
"1ee0b44db0"," ohoh i missed all ur tweets  im gonna have to stay awake all night to see the announcement now, **** time difference","i missed all ur tweets",negative
"4095d52d2d"," Damnit all. That sucks.  You were one of the ones I thought I`d drag back lol","Damnit all. That sucks.",negative
"4491189459"," my boss. She`s moving to NYC","my boss. She`s moving to NYC",neutral
"e8be898842","this is sooo crazy i have fever..","this is sooo crazy",negative
"9b388b2cd9","is spending her Saturday morning taking notes for a research essay because some stupid **** recalled the book I`m using. Not fair","some stupid ****",negative
"3d1238a2f0","I think i need some new friends","I think i need some new friends",neutral
"98ff5a440e"," Looking forward to your gig in Ireland!!!  See ya there!","Looking forward to your gig in Ireland!!!  See ya there!",neutral
"b94aaf845e","Please Review Sunehre Ad Placement  http://tinyurl.com/oow6mk","Please Re",positive
"95d0ad2e17","aww  you loooove me","aww  you loooove me",positive
"b8e58e1a21","is hungry, twitter.  i want food. </3","is hungry, twitter.  i want food.",neutral
"39923bb286","awesome lucky you","awesome lucky you",positive
"b751f39570"," yea, i should know.. but tell me EVERYTHING!  ps: send me direct messages telling..   haha","yea, i should know.. but tell me EVERYTHING!  ps: send me direct messages telling..   ha",neutral
"c1b915d1d5"," haha im jewish, i love that one","love",positive
"f38f53fbde","had a great time out in the beer garden wit the boyos !! I think the sun got to me a bit though, feel a bit ill !!","had a great time out in the beer garden wit the boyos !! I think the sun got to me a bit though, feel a bit ill !!",neutral
"c2a17084e9"," l`m on 3 days too matt. No fun this weekend.","No fun",negative
"3848e03ac5"," u really don`t think so?  maybe ur right....lol. btw what phone u using? think u told me b4...i might have an app for u","u really don`t think so?  maybe ur right....lol. btw what phone u using? think u told me b4...i might have an app for",neutral
"356ad29589"," I feel your pain. Mine is the same way","I feel your pain.",negative
"3696d1db81","comes home in two days","comes home in two days",neutral
"81e6c0ac2d"," Sadly no. It didn`t come with one...","Sadly",negative
"12cfc10225","Cant wait to see my boy tomorrow","Cant wait",positive
"9f51c335d0"," ehhh no. just a check up. I have a dentist app next week though. getting my molar pulled/root canal.","ehhh no. just a check up. I have a dentist app next week though. getting my molar pulled/root canal.",neutral
"81e29d1a0b"," aww I miss driving down elmwood","aww I miss driving",negative
"3773846bc3","Omg Wango Tango was **** AWSOME! I love my baby for taking me","Omg Wango Tango was **** AWSOME! I love my baby for taking me",positive
"6f3818a39e","Version 2 of our live, interactive Trans-Siberian ticket planner is launched: http://tinyurl.com/c5ljwm - its very cool","its very cool",positive
"2e6ee964a4","_30439 I really wish I could go!","wish",positive
"759b899f29"," yeah real hard, but I know you`ll get by with it... smile","yeah real hard, but I know you`ll get by with it... smile",neutral
"12da1098a2"," I`m 25 in december that`s not good at all next big birthday is 30  after 21 it flys by for sure","that`s not good",negative
"38e44e0f32","  This has made my night!!  Way too funny!!","This has made my night!!  Way too funny!",positive
"b534d768ca","Woo CAVS.  Happy Mother`s Day!","Happy",positive
"c422db675c"," I make that same face when I get home and your mom is watching soaps.","I make that same face when I get home and your mom is watching soaps.",neutral
"a34bf825fc","I have to go to work now.","I have to go to work now.",neutral
"dbc45af041"," I can`t believe you went and got boba without me.","I can`t believe you went and got boba without me.",neutral
"018c0cf1f9","  And to you too, how are you today?","And to you too, how are you today?",neutral
"7e820f005a"," Thanks for the warm welcome! We didn`t make plans   because our arrival time was so up in the air.","Thanks",positive
"e839d6a472","19 days and counting","19 days and counting",neutral
"a210eda5c9"," sorry  friends - I`m swamped with deadlines right now and we have family visiting to boot! No charades for me.","sorry  friends",negative
"47990d2312","BRAINFREEZE","BRAINFREEZE",neutral
"340600d483","Just discovered a shortcoming of Gravity. When you use Twitpic (integrated) it doesn`t subtract the pic URL from the 140 character limit","Just discovered a shortcoming of Gravity. When you use Twitpic (integrated) it doesn`t subtract the pic URL from the 140 character limit",neutral
"5fcf7bd80c","My sunburn is peeling,","My sunburn is peeling,",negative
"9e964bdfda","perky purple nail polish isn`t as perky when its chipped","perky purple nail polish isn`t as perky when its chipped",neutral
"3d635198c2","http://twitpic.com/4sx96 - before they put a CAMERA in the smokers pit.  i can no longer vandalize that door, without being caught.","http://twitpic.com/4sx96 - before they put a CAMERA in the smokers pit.  i can no longer vandalize that door, without being caught.",neutral
"bba9d463f4","Laying ALONE!! Since Mook`s soo comfy in his f`n play pen. I thought it was ill at first now I don`t have no one to cuddle with...","I don`t have no one to cuddle with..",negative
"54a62c239a","I hate the dentist","hate",negative
"ebc8565a98"," nothing aimed at you, just joining in...sorry",".sorry",negative
"cf888f0df3","I`m taking a twitter break. Cell is dying","dying",negative
"0456aab9bb"," qood morninq","qood morninq",neutral
"85b2dbf969","writing my english original writing storyyyyy. and listening to `a little respect` by erasure  aaaaaah.","writing my english original writing storyyyyy. and listening to `a little respect` by erasure  aaaaaah.",neutral
"30dd327860","needs more followers","needs more followers",neutral
"4c8d61cfd0","I wish I could get my nails done  stupid job","stupid job",negative
"ef200df027","The little wormy from labyrinth sadly passed away today but its ok as hes still around in a happy ghost form aww  http://twitpic.com/67aim","The little wormy from labyrinth sadly passed away today but its ok as hes still around in a happy ghost form",neutral
"bd0fa6cebd"," the 'no pants' idea could be the new attempt world-wide to attract business back to the airlines.","the 'no pants' idea could be the new attempt world-wide to attract business back to the airlines.",neutral
"2c80b2043e"," Have a good one","Have a good on",positive
"1ecbc820d1"," yep infact she is popular, miss india 99, talented film actress .... and lot more","she is popular,",positive
"02e569bee0","Dosen`t Want To Go To Work Tomorrow","Dosen`t Want To",negative
"f6f3b8b7a4","Daniel has won DSDS. His voice is great.","His voice is great.",positive
"41f4eb92b9","[-O] i wish the birthday massacre would come to australia  i think they said they`re thinking about it tho.. http://tinyurl.com/p6lfch","i wish the birthday massacre would come to australia  i think they said they`re thinking about it tho.",neutral
"7a341d71fe","was hoping to go to Red Lobster this weekend","was hoping to go to Red Lobster this weekend",neutral
"0ddd346323","_x_ATL u mean jack barakat`s?! wow so have u ever gone to his house? Hehe i mean ur ssoo lucky to have the address!","lucky",positive
"38a6cb940a","I sure do hope it becomes 4:20 this afternoon ...","I sure do hope",positive
"a0f446e1bf"," it means that you are now FAMOUS. Congrats!","Congrats!",positive
"db0db7f325","My phone passed away yesterday.. He jumped off the table  Searching for a new phone...","passed away",negative
"123fa2ef14","I have such fantastic friends, including several ones met through here! thanks for being in my life - you are such amazing people!","you are such amazing people!",positive
"8ebbcfcfd1","tamlyn wishes she was as cool as my sock draw","cool",positive
"47c5298bb9"," so no rice or crusty bread with the chili .... aawww","so no rice or crusty bread with the chili .... aawww",neutral
"38c25280f1","  We are of like minds this evening , my dear!","We are of like minds this evening , my dear!",neutral
"f83634c7f2","come and save me from my packing please?!","come and save me from my packing please?!",neutral
"301f7824f5","Yes, I love tea. If that makes me typically English then so be it","Yes, I love tea.",positive
"715e081e22"," a mouth for sure","a mouth for sure",positive
"5459ddc56e","_dec0de I finally just have 1 hour of history... at 3.00 pm! but I went to my highschool at 8.00 am to make some homework with a friend","I finally just have 1 hour of history... at 3.00 pm! but I went to my highschool at 8.00 am to make some homework with a friend",neutral
"e8f99c2de0"," pancakes!! with lemon and sugar thanks!","thanks!",positive
"b53d8f2b09"," Si, no bueno  I guess I just don`t entertain him :/","s I just don`t entertain him :/",negative
"71dddc0dff","I`m so hunrgy right now and these heels kill me I can hardly walk in them","kill me",negative
"ca57a8830c","both electronic keys stopped working. there is no keyhole! cant get in my car. so much for technology","both electronic keys stopped working. there is no keyhole!",negative
"0f0a1d8c75"," Yay, three followers! Good to know more than one person in this big wide world likes fishies.","Good",positive
"187745f502","'my name is Tony!!!!!! ...not hey!!!!' -  poor tony","poor tony",negative
"a78ef3e0d0","Goodmorning","Goodmorning",positive
"5010f92b03","Took a shift tomorrow.    I don`t really feel like working right now.","I don`t really feel like",negative
"1a88179ebb"," I love mine, too . happy motherï¿½s day to your mom , John Taylor  . much love to you, too .","I love mine, too . happy motherï¿½s day to your mom , John Taylor  . much love to you, too",positive
"625feab260","Saw a black snake in the garden.  Went back for a picture and it was gone","Saw a black snake in the garden.  Went back for a picture and it was gone",neutral
"45b0430eb9","http://twitpic.com/4wukt - We bought Ludi her own rug. Dogs are the best","best",positive
"86462cc997","No waterfront anymore   faccia luna and clarendon will have to do","No waterfront anymore",negative
"b499204c32","loves her mum very much! Happy Mothers Day to all the wonderful mothers out there","loves her mum very much! Happy Mothers Day to all the wonderful mothers out there",positive
"60d0bb5840","Slipped up and caught the flu  feeling like poop!","feeling like poop!",negative
"a52203dd88","i have an urge to play wow but i have to wait 2 weeks til im at my dads! 5+47DAYS TIL MCFLY, im so excited  (L)","excited",positive
"e8770f1c78","Ok ... the passengers ... no one is alive ... they`re all dead ... you just don`t know it til the end ... then you cry ...","then you cry ...",negative
"4016e4cf72","Discovered  and  are sharing on G reader with me and didn`t even know it. Sigh.... I`m such a G reader newb.","Discovered  and  are sharing on G reader with me and didn`t even know it. Sigh.... I`m such a G reader newb.",neutral
"4dc7327dd8","is chilled out tonite, so cannot spew venom or write funny. Seems like these are the only 2 styles she has","is chilled out tonite, so cannot spew venom or write funny. Seems like these are the only 2 styles she has",neutral
"f5c5fbc40b"," If u do, please pray 4 me.  Lord knows I need it.","If u do, please pray 4 me.  Lord knows I need it.",neutral
"124e448e00","aaaaaw i want to live in the USA","aaaaaw i want to live in the USA",neutral
"641db1b766","Morning tweeple","Morning tweeple",positive
"7286b251ca"," Hey, I didn`t get any !!!","Hey, I didn`t get any !!!",neutral
"4a704b77f2"," Now you only have 2 hours to sleep...  - Rest if you need it.","- Rest if you need it.",positive
"d046aa63bc","  That makes my day so much better, it`s been a rough one. Did I mention I love the new photo!","That makes my day so much better, it`s been a rough one. Did I mention I love the new photo!",neutral
"8a4740ee53","I don`t want to sit at home on prom night. Someone hang out with me","I don`t want to sit at home",negative
"d66f920dbd","Is heading home from foot surgery and wishing she had a boyfriend to come over and cuddle with","wishing",positive
"64f91449b7","concert tonight  chackin out and not coming tomorrow!","concert tonight  chackin out and not coming tomorrow!",neutral
"53dc5649da"," what happened? I thought you were coming back today....","what happened? I thought you were coming back today....",neutral
"f2f7763cfd"," lol dammit  well then next time then","dammit",negative
"2abfe0decb"," lol. just don`t ever forget me","lol.",positive
"7a7228dc2e"," Still jealous","Still jealous",negative
"754ebd84b4","http://twitpic.com/67qv3 - Me at Forever 21  Ethan couldn`t be there","Me at Forever 21  Ethan couldn`t be there",negative
"fba4c01756","NOW IM SAD BUT IM NOT GIVING IN FIRST..I DIDNT DO NOTHING!!!!    :**-(","SAD",negative
"0888304834","this week of mine was not easy!  but finally it`s over! (:","not easy!",negative
"88d8e96213","   Wow what a beautiful picture... and by the way....I am straight....just wanted to let you know!!!     Bella","Wow what a beautiful pictur",positive
"38b762e325","In Arch. Drawing. Checking out MVCC`s CAD degree. Looks good to me","Looks good",positive
"94e82d1574"," 'there are people and then there are pencils' some are sharp, some are not and some can be sharpened  my pencil philosophy.....","'there are people and then there are pencils' some are sharp, some are not and some can be sharpened  my pencil philosophy.....",neutral
"c10f52f160","just about to go home. I`m usually `mr. positive` but this has been one of those daze. well, 15 mins until tomorrow!","just about to go home. I`m usually `mr. positive` but this has been one of those daze. well, 15 mins until tomorrow!",neutral
"7e66ca1a42"," but you always have lee. Let`s go to Paris","but you always have lee. Let`s go to Paris",neutral
"697887b4a1"," you know you want to come keep me company whilst mum`s at her friends for the night  it`s such a nice evening!","a nice",positive
"1a1c392802","cooking with my dad  having lots of fun in the kitchen together","having lots of fun",positive
"95b9338e05","Bouncing Rush makes me feel nauseous","Bouncing Rush makes me feel nauseous",negative
"b0b24ed515","Off to Woolsery this morning to (hopefully) see North Molton U16 clinch the North Devon League title. Lovely day for it","Lovely day for it",positive
"d31f708485","playing singstar without my fave duetter","playing singstar without my fave duetter",negative
"200f31449b","  you`re missing out, bb! i`m such a cereal nut, i think i like every kind available.","i like",positive